solver,variant,implementation,nranks,n1,n2,n3,m,nsys,nrow_min,nrow_max,iter,iterations,mpi_mode,total_s_max,total_s_avg,local_compute_s_max,forward_exchange_s_max,reduced_compute_s_max,backward_exchange_s_max,update_compute_s_max,compute_s_max,communication_s_max
btdma,noncyclic,cuda-cxx,1,32,32,128,2,1024,128,128,0,10,device,0.00471775,0.00471775,0.003596667,0.000635564,0.000129244,2.5789e-05,0.000329745,0.004055656,0.000661353
btdma,noncyclic,cuda-cxx,1,32,32,128,2,1024,128,128,1,10,device,0.002140572,0.002140572,0.001686671,8.8783e-05,2.2564e-05,2.4357e-05,0.000317997,0.002027232,0.00011314
btdma,noncyclic,cuda-cxx,1,32,32,128,2,1024,128,128,2,10,device,0.002132971,0.002132971,0.001683767,8.4227e-05,2.2594e-05,2.4106e-05,0.000318087,0.002024448,0.000108333
btdma,noncyclic,cuda-cxx,1,32,32,128,2,1024,128,128,3,10,device,0.002133311,0.002133311,0.001684007,8.4587e-05,2.2644e-05,2.3656e-05,0.000318228,0.002024879,0.000108243
btdma,noncyclic,cuda-cxx,1,32,32,128,2,1024,128,128,4,10,device,0.002132631,0.002132631,0.001684098,8.4226e-05,2.2704e-05,2.3395e-05,0.000318008,0.00202481,0.000107621
btdma,noncyclic,cuda-cxx,1,32,32,128,2,1024,128,128,5,10,device,0.002133502,0.002133502,0.001683877,8.5088e-05,2.2424e-05,2.3725e-05,0.000318208,0.002024509,0.000108813
btdma,noncyclic,cuda-cxx,1,32,32,128,2,1024,128,128,6,10,device,0.002131959,0.002131959,0.001683326,8.4136e-05,2.2414e-05,2.3746e-05,0.000318127,0.002023867,0.000107882
btdma,noncyclic,cuda-cxx,1,32,32,128,2,1024,128,128,7,10,device,0.002133392,0.002133392,0.001684578,8.3986e-05,2.2484e-05,2.3776e-05,0.000318357,0.002025419,0.000107762
btdma,noncyclic,cuda-cxx,1,32,32,128,2,1024,128,128,8,10,device,0.002134163,0.002134163,0.001684087,8.4767e-05,2.2754e-05,2.4377e-05,0.000317978,0.002024819,0.000109144
btdma,noncyclic,cuda-cxx,1,32,32,128,2,1024,128,128,9,10,device,0.00213228,0.00213228,0.001683897,8.4207e-05,2.2343e-05,2.3835e-05,0.000317807,0.002024047,0.000108042
btdma,noncyclic,cuda-cxx,1,32,32,128,3,1024,128,128,0,10,device,0.006841687,0.006841687,0.005438642,0.000658538,0.000141423,2.669e-05,0.000575894,0.006155959,0.000685228
btdma,noncyclic,cuda-cxx,1,32,32,128,3,1024,128,128,1,10,device,0.003909828,0.003909828,0.003277488,9.7807e-05,3.338e-05,2.4967e-05,0.000475974,0.003786842,0.000122774
btdma,noncyclic,cuda-cxx,1,32,32,128,3,1024,128,128,2,10,device,0.003901445,0.003901445,0.003269566,9.5643e-05,3.3671e-05,2.4957e-05,0.000477387,0.003780624,0.0001206
btdma,noncyclic,cuda-cxx,1,32,32,128,3,1024,128,128,3,10,device,0.003903208,0.003903208,0.003270458,9.8858e-05,3.3239e-05,2.3905e-05,0.000476536,0.003780233,0.000122763
btdma,noncyclic,cuda-cxx,1,32,32,128,3,1024,128,128,4,10,device,0.00389829,0.00389829,0.003269646,9.328e-05,3.381e-05,2.4066e-05,0.000477266,0.003780722,0.000117346
btdma,noncyclic,cuda-cxx,1,32,32,128,3,1024,128,128,5,10,device,0.003903288,0.003903288,0.003275486,9.323e-05,3.359e-05,2.4587e-05,0.000476185,0.003785261,0.000117817
btdma,noncyclic,cuda-cxx,1,32,32,128,3,1024,128,128,6,10,device,0.003900473,0.003900473,0.00327165,9.325e-05,3.364e-05,2.4197e-05,0.000477537,0.003782827,0.000117447
btdma,noncyclic,cuda-cxx,1,32,32,128,3,1024,128,128,7,10,device,0.003896408,0.003896408,0.003269387,9.2478e-05,3.315e-05,2.4637e-05,0.000476545,0.003779082,0.000117115
btdma,noncyclic,cuda-cxx,1,32,32,128,3,1024,128,128,8,10,device,0.003895966,0.003895966,0.003266812,9.315e-05,3.354e-05,2.4597e-05,0.000477657,0.003778009,0.000117747
btdma,noncyclic,cuda-cxx,1,32,32,128,3,1024,128,128,9,10,device,0.003897178,0.003897178,0.003271319,9.2779e-05,3.329e-05,2.4226e-05,0.000475363,0.003779972,0.000117005
btdma,noncyclic,cuda-cxx,1,32,32,128,5,1024,128,128,0,10,device,0.014276975,0.014276975,0.011851215,0.000765479,0.000177396,2.67e-05,0.001455605,0.013484216,0.000792179
btdma,noncyclic,cuda-cxx,1,32,32,128,5,1024,128,128,1,10,device,0.011582622,0.011582622,0.009919786,0.000123455,7.2909e-05,2.62e-05,0.001440051,0.011432746,0.000149655
btdma,noncyclic,cuda-cxx,1,32,32,128,5,1024,128,128,2,10,device,0.011576894,0.011576894,0.009918585,0.000118177,7.273e-05,2.5728e-05,0.001441473,0.011432788,0.000143905
btdma,noncyclic,cuda-cxx,1,32,32,128,5,1024,128,128,3,10,device,0.011581319,0.011581319,0.009922971,0.000116224,7.3491e-05,2.5959e-05,0.001442474,0.011438936,0.000142183
btdma,noncyclic,cuda-cxx,1,32,32,128,5,1024,128,128,4,10,device,0.011576583,0.011576583,0.009913657,0.000117076,7.342e-05,2.5478e-05,0.001446762,0.011433839,0.000142554
btdma,noncyclic,cuda-cxx,1,32,32,128,5,1024,128,128,5,10,device,0.011583563,0.011583563,0.009926337,0.000117967,7.2999e-05,2.5909e-05,0.001440151,0.011439487,0.000143876
btdma,noncyclic,cuda-cxx,1,32,32,128,5,1024,128,128,6,10,device,0.011576402,0.011576402,0.009916652,0.000116965,7.2649e-05,2.5419e-05,0.001444508,0.011433809,0.000142384
btdma,noncyclic,cuda-cxx,1,32,32,128,5,1024,128,128,7,10,device,0.01158167,0.01158167,0.009913387,0.000115784,7.345e-05,2.6099e-05,0.00145273,0.011439567,0.000141883
btdma,noncyclic,cuda-cxx,1,32,32,128,5,1024,128,128,8,10,device,0.011588511,0.011588511,0.009933497,0.000115954,7.299e-05,2.5929e-05,0.00143994,0.011446427,0.000141883
btdma,noncyclic,cuda-cxx,1,32,32,128,5,1024,128,128,9,10,device,0.011579006,0.011579006,0.00992219,0.000116685,7.337e-05,2.5529e-05,0.001441022,0.011436582,0.000142214
btdma,noncyclic,cuda-cxx,1,32,32,128,8,1024,128,128,0,10,device,0.031017988,0.031017988,0.026308451,0.000827843,0.000257035,2.8042e-05,0.003596106,0.030161592,0.000855885
btdma,noncyclic,cuda-cxx,1,32,32,128,8,1024,128,128,1,10,device,0.028694382,0.028694382,0.024729101,0.000192338,0.000151207,2.7191e-05,0.003594014,0.028474322,0.000219529
btdma,noncyclic,cuda-cxx,1,32,32,128,8,1024,128,128,2,10,device,0.02838752,0.02838752,0.024457973,0.000179168,0.000151378,2.7301e-05,0.00357127,0.028180621,0.000206469
btdma,noncyclic,cuda-cxx,1,32,32,128,8,1024,128,128,3,10,device,0.028619679,0.028619679,0.024685876,0.000179429,0.000150226,2.8132e-05,0.003575676,0.028411778,0.000207561
btdma,noncyclic,cuda-cxx,1,32,32,128,8,1024,128,128,4,10,device,0.028495092,0.028495092,0.024534548,0.000204056,0.0001529,2.7371e-05,0.003575886,0.028263334,0.000231427
btdma,noncyclic,cuda-cxx,1,32,32,128,8,1024,128,128,5,10,device,0.0286462,0.0286462,0.024716051,0.000178858,0.000150606,2.7992e-05,0.003572381,0.028439038,0.00020685
btdma,noncyclic,cuda-cxx,1,32,32,128,8,1024,128,128,6,10,device,0.028418938,0.028418938,0.024470062,0.000177086,0.000150526,2.7521e-05,0.003593463,0.028214051,0.000204607
btdma,noncyclic,cuda-cxx,1,32,32,128,8,1024,128,128,7,10,device,0.028625158,0.028625158,0.024689502,0.000175683,0.000151257,2.8103e-05,0.003580424,0.028421183,0.000203786
btdma,noncyclic,cuda-cxx,1,32,32,128,8,1024,128,128,8,10,device,0.028425047,0.028425047,0.024494338,0.000175804,0.000150836,2.7471e-05,0.003576407,0.028221581,0.000203275
btdma,noncyclic,cuda-cxx,1,32,32,128,8,1024,128,128,9,10,device,0.028637886,0.028637886,0.02470876,0.000174452,0.000150045,2.7351e-05,0.003577098,0.028435903,0.000201803
btdma,noncyclic,cuda-cxx,2,64,64,2048,2,4096,1024,1024,0,10,device,0.068998686,0.0689746545,0.020153043,0.042271416,0.000211668,0.002074032,0.004490258,0.024854969,0.044345448
btdma,noncyclic,cuda-cxx,2,64,64,2048,2,4096,1024,1024,1,10,device,0.022973496,0.022972965,0.018153112,0.000266551,4.1031e-05,4.1672e-05,0.004475576,0.022669719,0.000308223
btdma,noncyclic,cuda-cxx,2,64,64,2048,2,4096,1024,1024,2,10,device,0.022832675,0.022832144,0.018130408,0.000149625,4.0731e-05,3.9229e-05,0.004475025,0.022645473,0.000188373
btdma,noncyclic,cuda-cxx,2,64,64,2048,2,4096,1024,1024,3,10,device,0.022839435,0.022834783,0.018143087,0.000147101,4.5288e-05,4.3405e-05,0.004470139,0.02264942,0.000190506
btdma,noncyclic,cuda-cxx,2,64,64,2048,2,4096,1024,1024,4,10,device,0.022835399,0.02283294,0.018145942,0.000157246,4.0821e-05,3.2558e-05,0.004470419,0.022652986,0.000189804
btdma,noncyclic,cuda-cxx,2,64,64,2048,2,4096,1024,1024,5,10,device,0.022826726,0.0228258095,0.018141895,0.000143155,4.0891e-05,3.3079e-05,0.004470418,0.022653054,0.000175534
btdma,noncyclic,cuda-cxx,2,64,64,2048,2,4096,1024,1024,6,10,device,0.022845664,0.0228453685,0.018137919,0.000162855,4.1422e-05,3.5633e-05,0.004470959,0.022649759,0.000198488
btdma,noncyclic,cuda-cxx,2,64,64,2048,2,4096,1024,1024,7,10,device,0.022826345,0.0228214325,0.01813124,0.000145929,4.0601e-05,3.282e-05,0.004476528,0.022647107,0.000178728
btdma,noncyclic,cuda-cxx,2,64,64,2048,2,4096,1024,1024,8,10,device,0.022857241,0.022855904,0.01814521,0.000174442,4.0591e-05,3.2578e-05,0.004473293,0.022656149,0.000207001
btdma,noncyclic,cuda-cxx,2,64,64,2048,2,4096,1024,1024,9,10,device,0.022840276,0.02283974,0.018146723,0.000158358,4.0982e-05,3.306e-05,0.00447147,0.022657943,0.000191027
btdma,noncyclic,cuda-cxx,4,64,64,2048,2,4096,512,512,0,10,device,0.129945337,0.1298793305,0.011693989,0.112620899,0.000453891,0.003172841,0.0021529,0.014264035,0.11579374
btdma,noncyclic,cuda-cxx,4,64,64,2048,2,4096,512,512,1,10,device,0.011506247,0.011502812,0.008936652,0.000321191,7.1948e-05,8.8142e-05,0.002130117,0.011138466,0.000409333
btdma,noncyclic,cuda-cxx,4,64,64,2048,2,4096,512,512,2,10,device,0.01146779,0.01145895875,0.008925695,0.000299029,7.1828e-05,7.2369e-05,0.002131148,0.011124223,0.000361913
btdma,noncyclic,cuda-cxx,4,64,64,2048,2,4096,512,512,3,10,device,0.011465596,0.011461903,0.008924472,0.000307212,7.1598e-05,6.8883e-05,0.002132761,0.011124774,0.000369656
btdma,noncyclic,cuda-cxx,4,64,64,2048,2,4096,512,512,4,10,device,0.011451866,0.0114490215,0.008917983,0.000309083,7.1668e-05,6.1583e-05,0.002131068,0.01111556,0.000370666
btdma,noncyclic,cuda-cxx,4,64,64,2048,2,4096,512,512,5,10,device,0.011445156,0.01144254925,0.008924303,0.000297687,7.1307e-05,6.0371e-05,0.002130136,0.011123524,0.000358058
btdma,noncyclic,cuda-cxx,4,64,64,2048,2,4096,512,512,6,10,device,0.011451375,0.01144459225,0.008918544,0.000289104,7.1878e-05,7.0726e-05,0.00213222,0.011120458,0.000354923
btdma,noncyclic,cuda-cxx,4,64,64,2048,2,4096,512,512,7,10,device,0.011446217,0.01144382875,0.008926736,0.000291869,7.1527e-05,5.6946e-05,0.002130707,0.011123983,0.000346912
btdma,noncyclic,cuda-cxx,4,64,64,2048,2,4096,512,512,8,10,device,0.011465977,0.011460213,0.008925474,0.000307221,7.1617e-05,6.0892e-05,0.002132249,0.011128671,0.000368113
btdma,noncyclic,cuda-cxx,4,64,64,2048,2,4096,512,512,9,10,device,0.011431455,0.01142847075,0.008921068,0.000277326,7.1136e-05,6.2665e-05,0.002134424,0.01112183,0.000339991
btdma,noncyclic,cuda-cxx,8,64,64,2048,2,4096,256,256,0,10,device,0.207529386,0.20723951475,0.009976792,0.191028554,0.000932831,0.00563743,0.000978729,0.011858326,0.196665984
btdma,noncyclic,cuda-cxx,8,64,64,2048,2,4096,256,256,1,10,device,0.006035066,0.006025846625,0.004326893,0.00051314,0.000125689,0.000117446,0.000961122,0.005410969,0.000628864
btdma,noncyclic,cuda-cxx,8,64,64,2048,2,4096,256,256,2,10,device,0.006034125,0.00602516675,0.00433109,0.000523235,0.00012683,0.000116174,0.000961053,0.00541078,0.000631809
btdma,noncyclic,cuda-cxx,8,64,64,2048,2,4096,256,256,3,10,device,0.005973184,0.00596219475,0.004326173,0.000470506,0.000125619,0.000104336,0.000961043,0.005406384,0.00057355
btdma,noncyclic,cuda-cxx,8,64,64,2048,2,4096,256,256,4,10,device,0.005968627,0.005951333625,0.004325752,0.000451928,0.000125929,0.00010629,0.000962063,0.005413273,0.000556124
btdma,noncyclic,cuda-cxx,8,64,64,2048,2,4096,256,256,5,10,device,0.005959073,0.00594915,0.004320734,0.000460331,0.000125238,0.000115263,0.00095981,0.005405192,0.000565529
btdma,noncyclic,cuda-cxx,8,64,64,2048,2,4096,256,256,6,10,device,0.005957631,0.00594723775,0.004323027,0.000449735,0.00012641,0.00010679,0.000962204,0.005410069,0.000550115
btdma,noncyclic,cuda-cxx,8,64,64,2048,2,4096,256,256,7,10,device,0.005961856,0.005949793625,0.004320794,0.000455013,0.000125969,0.000110135,0.000960641,0.005403198,0.000561293
btdma,noncyclic,cuda-cxx,8,64,64,2048,2,4096,256,256,8,10,device,0.005939293,0.005930663625,0.00432427,0.000438929,0.000126059,0.00010611,0.000957467,0.005406395,0.000542064
btdma,noncyclic,cuda-cxx,8,64,64,2048,2,4096,256,256,9,10,device,0.00594432,0.00593678525,0.004321245,0.000448232,0.000125999,0.000104347,0.000959229,0.00540383,0.000549715
btdma,noncyclic,cuda-cxx,2,64,64,2048,3,4096,1024,1024,0,10,device,0.084144334,0.084116923,0.036365573,0.038645855,0.00024661,0.001962265,0.007118092,0.043725869,0.04060812
btdma,noncyclic,cuda-cxx,2,64,64,2048,3,4096,1024,1024,1,10,device,0.041816483,0.0418138945,0.034332232,0.000278247,6.3916e-05,4.5138e-05,0.007098853,0.041492987,0.000323014
btdma,noncyclic,cuda-cxx,2,64,64,2048,3,4096,1024,1024,2,10,device,0.041812107,0.0418085265,0.034337059,0.000268983,6.3175e-05,4.0491e-05,0.007102339,0.041501852,0.000309474
btdma,noncyclic,cuda-cxx,2,64,64,2048,3,4096,1024,1024,3,10,device,0.041819909,0.0418186915,0.03433731,0.000281983,6.3506e-05,3.33e-05,0.0071038,0.041504295,0.000315082
btdma,noncyclic,cuda-cxx,2,64,64,2048,3,4096,1024,1024,4,10,device,0.041802242,0.041802122,0.034340214,0.000277747,6.38159999999e-05,3.29490000001e-05,0.007097391,0.04150081,0.000310386
btdma,noncyclic,cuda-cxx,2,64,64,2048,3,4096,1024,1024,5,10,device,0.041808491,0.0418071445,0.034345973,0.00027313,6.3866e-05,3.37499999999e-05,0.007099423,0.041508721,0.00030637
btdma,noncyclic,cuda-cxx,2,64,64,2048,3,4096,1024,1024,6,10,device,0.041809293,0.0418029435,0.034331851,0.000282384,6.4967e-05,3.34499999999e-05,0.007104452,0.04150093,0.000315464
btdma,noncyclic,cuda-cxx,2,64,64,2048,3,4096,1024,1024,7,10,device,0.0418272,0.041825417,0.034359182,0.000289705,6.3846e-05,3.2379e-05,0.007102779,0.041525807,0.000321673
btdma,noncyclic,cuda-cxx,2,64,64,2048,3,4096,1024,1024,8,10,device,0.041810454,0.041809758,0.034345782,0.000271957,6.3986e-05,3.31699999999e-05,0.007098453,0.041506659,0.000305127
btdma,noncyclic,cuda-cxx,2,64,64,2048,3,4096,1024,1024,9,10,device,0.041825927,0.0418233035,0.034347575,0.000287962,6.3946e-05,3.3701e-05,0.007099044,0.041506248,0.000321663
btdma,noncyclic,cuda-cxx,4,64,64,2048,3,4096,512,512,0,10,device,0.120675186,0.1206522105,0.019969528,0.094657271,0.000468874,0.0023056,0.003546281,0.02396232,0.096940017
btdma,noncyclic,cuda-cxx,4,64,64,2048,3,4096,512,512,1,10,device,0.021227907,0.02122406075,0.017133732,0.000416665,0.000121603,7.7196e-05,0.003527324,0.020771733,0.000489104
btdma,noncyclic,cuda-cxx,4,64,64,2048,3,4096,512,512,2,10,device,0.021136649,0.02112629875,0.017113623,0.000328853,0.000121222,7.8538e-05,0.00352507,0.020753154,0.000407391
btdma,noncyclic,cuda-cxx,4,64,64,2048,3,4096,512,512,3,10,device,0.02111732,0.02110762075,0.01709884,0.00031309,0.000121292,6.4637e-05,0.003528966,0.020744832,0.000375714
btdma,noncyclic,cuda-cxx,4,64,64,2048,3,4096,512,512,4,10,device,0.021112323,0.021107864,0.017107193,0.000325088,0.000120951,5.8638e-05,0.003524118,0.020746694,0.000383516
btdma,noncyclic,cuda-cxx,4,64,64,2048,3,4096,512,512,5,10,device,0.021165473,0.021157919,0.017119811,0.000375343,0.000121443,6.1913e-05,0.003527143,0.02076389,0.000433771
btdma,noncyclic,cuda-cxx,4,64,64,2048,3,4096,512,512,6,10,device,0.021114576,0.02111063775,0.017106571,0.000313751,0.000121703,7.4122e-05,0.003525691,0.020749458,0.000380191
btdma,noncyclic,cuda-cxx,4,64,64,2048,3,4096,512,512,7,10,device,0.021119915,0.02111129925,0.017113772,0.000321423,0.000120871,6.0351e-05,0.003527413,0.020752572,0.000381113
btdma,noncyclic,cuda-cxx,4,64,64,2048,3,4096,512,512,8,10,device,0.021122278,0.02111524975,0.017111429,0.000320341,0.000121172,5.8407e-05,0.003529506,0.020752923,0.000378679
btdma,noncyclic,cuda-cxx,4,64,64,2048,3,4096,512,512,9,10,device,0.021122188,0.02111905825,0.01711216,0.000324517,0.000120902,6.3285e-05,0.003526963,0.020750681,0.000383746
btdma,noncyclic,cuda-cxx,8,64,64,2048,3,4096,256,256,0,10,device,0.208230929,0.208197410875,0.014043795,0.190057075,0.000903476,0.00319884,0.001686501,0.016510076,0.193226181
btdma,noncyclic,cuda-cxx,8,64,64,2048,3,4096,256,256,1,10,device,0.010938155,0.01093045825,0.008378123,0.000581733,0.000227992,0.00011946,0.001668083,0.010263672,0.000689434
btdma,noncyclic,cuda-cxx,8,64,64,2048,3,4096,256,256,2,10,device,0.0109679,0.0109424225,0.008393556,0.000582164,0.000244257,0.000127832,0.001670136,0.010271455,0.000709996
btdma,noncyclic,cuda-cxx,8,64,64,2048,3,4096,256,256,3,10,device,0.010922562,0.01091195275,0.008384883,0.000558008,0.000227802,0.000116715,0.001662966,0.01026246,0.000671358
btdma,noncyclic,cuda-cxx,8,64,64,2048,3,4096,256,256,4,10,device,0.010899997,0.010889630875,0.008380377,0.000548343,0.00022685,0.000110827,0.001660782,0.010263702,0.000655003
btdma,noncyclic,cuda-cxx,8,64,64,2048,3,4096,256,256,5,10,device,0.010904064,0.010889722125,0.008385724,0.000545348,0.000227261,0.00011332,0.001664198,0.010262371,0.000651708
btdma,noncyclic,cuda-cxx,8,64,64,2048,3,4096,256,256,6,10,device,0.010891054,0.0108800535,0.00838296,0.000534633,0.00022683,0.00010658,0.001662134,0.010264174,0.000638429
btdma,noncyclic,cuda-cxx,8,64,64,2048,3,4096,256,256,7,10,device,0.010901821,0.010893539125,0.008378043,0.000549485,0.000227832,0.00010665,0.001661463,0.010260538,0.000654713
btdma,noncyclic,cuda-cxx,8,64,64,2048,3,4096,256,256,8,10,device,0.010895982,0.01088397225,0.00837629,0.000540281,0.000227632,0.000114943,0.001663596,0.010258806,0.00064656
btdma,noncyclic,cuda-cxx,8,64,64,2048,3,4096,256,256,9,10,device,0.010912476,0.01090265,0.008374257,0.000556325,0.000227792,0.00011296,0.001660553,0.010256632,0.00066581
btdma,noncyclic,cuda-cxx,2,64,64,2048,5,4096,1024,1024,0,10,device,0.153174947,0.1531343915,0.087743495,0.04749195,0.000347311,0.002171108,0.01550622,0.103595835,0.049663058
btdma,noncyclic,cuda-cxx,2,64,64,2048,5,4096,1024,1024,1,10,device,0.102006249,0.1020019675,0.085906048,0.00054685,0.000143916,4.4908e-05,0.015483796,0.101525107,0.000590656
btdma,noncyclic,cuda-cxx,2,64,64,2048,5,4096,1024,1024,2,10,device,0.102102423,0.102096234,0.086032107,0.000610576,0.000143165,4.23430000001e-05,0.015495574,0.101658818,0.000652869
btdma,noncyclic,cuda-cxx,2,64,64,2048,5,4096,1024,1024,3,10,device,0.102030295,0.102021602,0.085919368,0.000609866,0.000143896,3.7266e-05,0.015485899,0.101532047,0.000647132
btdma,noncyclic,cuda-cxx,2,64,64,2048,5,4096,1024,1024,4,10,device,0.102110886,0.1020972205,0.086042642,0.000598949,0.000144187,3.7085e-05,0.015494402,0.101681231,0.000636034
btdma,noncyclic,cuda-cxx,2,64,64,2048,5,4096,1024,1024,5,10,device,0.10198051,0.1019719825,0.085910004,0.000561813,0.000143906,3.56530000001e-05,0.015500922,0.101538478,0.000597466
btdma,noncyclic,cuda-cxx,2,64,64,2048,5,4096,1024,1024,6,10,device,0.102262314,0.1022518325,0.086188762,0.000511648,0.000145218,3.8969e-05,0.015495725,0.101808372,0.000550035
btdma,noncyclic,cuda-cxx,2,64,64,2048,5,4096,1024,1024,7,10,device,0.10195349,0.101948993,0.085900369,0.000522864,0.000144427,3.59640000001e-05,0.015487853,0.101523394,0.000557797
btdma,noncyclic,cuda-cxx,2,64,64,2048,5,4096,1024,1024,8,10,device,0.102163826,0.102155318,0.08610698,0.000650566,0.000143215,3.6345e-05,0.015495875,0.101728693,0.00068655
btdma,noncyclic,cuda-cxx,2,64,64,2048,5,4096,1024,1024,9,10,device,0.101967691,0.1019593985,0.085912497,0.000560421,0.000143776,4.0721e-05,0.015482935,0.101523073,0.000601142
btdma,noncyclic,cuda-cxx,4,64,64,2048,5,4096,512,512,0,10,device,0.147538238,0.14749366125,0.046159371,0.090733282,0.000650215,0.003239772,0.00778951,0.054551345,0.093948868
btdma,noncyclic,cuda-cxx,4,64,64,2048,5,4096,512,512,1,10,device,0.051597622,0.05158192575,0.04294031,0.000609494,0.000291508,9.5423e-05,0.007768548,0.050999875,0.000697216
btdma,noncyclic,cuda-cxx,4,64,64,2048,5,4096,512,512,2,10,device,0.051615288,0.051596245,0.042979058,0.000665128,0.000291427,8.2895e-05,0.007768337,0.051035447,0.000729315
btdma,noncyclic,cuda-cxx,4,64,64,2048,5,4096,512,512,3,10,device,0.051560767,0.05155505775,0.042939428,0.000607652,0.000291738,6.91639999999e-05,0.007764402,0.050995227,0.00067318
btdma,noncyclic,cuda-cxx,4,64,64,2048,5,4096,512,512,4,10,device,0.051641187,0.0516275215,0.04300725,0.000700922,0.000291478,6.43459999999e-05,0.007775839,0.051063069,0.000764037
btdma,noncyclic,cuda-cxx,4,64,64,2048,5,4096,512,512,5,10,device,0.051620406,0.05160851075,0.04296665,0.000683986,0.000291187,6.9925e-05,0.007778323,0.05103614,0.000746731
btdma,noncyclic,cuda-cxx,4,64,64,2048,5,4096,512,512,6,10,device,0.051575829,0.05156642725,0.042938187,0.000582694,0.000291577,7.12470000001e-05,0.007778894,0.051007246,0.000653941
btdma,noncyclic,cuda-cxx,4,64,64,2048,5,4096,512,512,7,10,device,0.051700967,0.0516833155,0.043065307,0.00073333,0.000291568,6.7181e-05,0.007784522,0.051141397,0.000797586
btdma,noncyclic,cuda-cxx,4,64,64,2048,5,4096,512,512,8,10,device,0.051597031,0.05158825275,0.04295326,0.000642564,0.000291357,7.43520000001e-05,0.007780997,0.05102298,0.000708213
btdma,noncyclic,cuda-cxx,4,64,64,2048,5,4096,512,512,9,10,device,0.051624963,0.0516145095,0.042931697,0.000672479,0.000291448,7.29289999999e-05,0.00777603,0.050999175,0.000743065
btdma,noncyclic,cuda-cxx,8,64,64,2048,5,4096,256,256,0,10,device,0.224297479,0.223927014625,0.026937474,0.187864495,0.00126565,0.005975217,0.003853943,0.031769326,0.193770949
btdma,noncyclic,cuda-cxx,8,64,64,2048,5,4096,256,256,1,10,device,0.026634359,0.026622234125,0.021313434,0.000895794,0.000568864,0.000128382,0.003827183,0.025699918,0.001012238
btdma,noncyclic,cuda-cxx,8,64,64,2048,5,4096,256,256,2,10,device,0.026639206,0.026622697,0.021320856,0.000908694,0.000570616,0.000119809,0.003821985,0.02570784,0.001024718
btdma,noncyclic,cuda-cxx,8,64,64,2048,5,4096,256,256,3,10,device,0.026616974,0.02660441725,0.021322398,0.000890687,0.000568513,0.000123044,0.003821675,0.025706167,0.001005489
btdma,noncyclic,cuda-cxx,8,64,64,2048,5,4096,256,256,4,10,device,0.02662141,0.02660990425,0.021327936,0.000893982,0.000570526,0.000121282,0.003824018,0.025709221,0.00100596
btdma,noncyclic,cuda-cxx,8,64,64,2048,5,4096,256,256,5,10,device,0.026646238,0.026617162875,0.021327916,0.000905059,0.000568443,0.000132338,0.003826472,0.025706556,0.001037397
btdma,noncyclic,cuda-cxx,8,64,64,2048,5,4096,256,256,6,10,device,0.026637194,0.026626406625,0.021320695,0.000897307,0.000572539,0.000116876,0.003820032,0.025704423,0.001010376
btdma,noncyclic,cuda-cxx,8,64,64,2048,5,4096,256,256,7,10,device,0.026641911,0.02662773725,0.021340625,0.000909485,0.000569144,0.000119789,0.003820093,0.025717453,0.001021242
btdma,noncyclic,cuda-cxx,8,64,64,2048,5,4096,256,256,8,10,device,0.026619648,0.0266009235,0.021331432,0.00087997,0.000570647,0.000116124,0.003823368,0.025712075,0.000992008
btdma,noncyclic,cuda-cxx,8,64,64,2048,5,4096,256,256,9,10,device,0.026588,0.026580769375,0.02130975,0.000867352,0.000569475,0.000116484,0.003821585,0.025686458,0.000977166
btdma,noncyclic,cuda-cxx,2,64,64,2048,8,4096,1024,1024,0,10,device,0.290007849,0.2899345995,0.208128715,0.047845351,0.000522244,0.002214383,0.032031349,0.240576548,0.050039954
btdma,noncyclic,cuda-cxx,2,64,64,2048,8,4096,1024,1024,1,10,device,0.242413956,0.242344086,0.209352842,0.001542494,0.000316766,4.85929999999e-05,0.032024509,0.241554226,0.001588953
btdma,noncyclic,cuda-cxx,2,64,64,2048,8,4096,1024,1024,2,10,device,0.2392177,0.239211135,0.206237798,0.001616987,0.000316915,4.37360000001e-05,0.03195225,0.238506903,0.001660713
btdma,noncyclic,cuda-cxx,2,64,64,2048,8,4096,1024,1024,3,10,device,0.242223821,0.2421462895,0.209166503,0.001117367,0.000316065,3.7536e-05,0.032037328,0.241365143,0.001154903
btdma,noncyclic,cuda-cxx,2,64,64,2048,8,4096,1024,1024,4,10,device,0.239089427,0.2390889915,0.206113531,0.001354973,0.000317086,3.9149e-05,0.031947022,0.238377259,0.001393791
btdma,noncyclic,cuda-cxx,2,64,64,2048,8,4096,1024,1024,5,10,device,0.24218292,0.242134292,0.209156858,0.001855805,0.000316876,3.81470000002e-05,0.032009516,0.241386315,0.001893632
btdma,noncyclic,cuda-cxx,2,64,64,2048,8,4096,1024,1024,6,10,device,0.239313423,0.239307224,0.206341564,0.001427181,0.000318699,4.01000000001e-05,0.031944418,0.238603218,0.001465218
btdma,noncyclic,cuda-cxx,2,64,64,2048,8,4096,1024,1024,7,10,device,0.24241641,0.2423454085,0.209358581,0.001610186,0.000320652,4.54780000001e-05,0.032031049,0.241568589,0.001655664
btdma,noncyclic,cuda-cxx,2,64,64,2048,8,4096,1024,1024,8,10,device,0.239222157,0.239193469,0.206216996,0.001273731,0.000317095,4.24429999999e-05,0.031995075,0.238471619,0.001315504
btdma,noncyclic,cuda-cxx,2,64,64,2048,8,4096,1024,1024,9,10,device,0.242366365,0.242299665,0.20933119,0.001480852,0.000316675000001,4.09719999999e-05,0.032026311,0.241540747,0.001521753
btdma,noncyclic,cuda-cxx,4,64,64,2048,8,4096,512,512,0,10,device,0.21504188,0.2149960985,0.105134544,0.091135235,0.001012369,0.00323842,0.016229806,0.122299524,0.094373655
btdma,noncyclic,cuda-cxx,4,64,64,2048,8,4096,512,512,1,10,device,0.121290449,0.1212776495,0.103422394,0.003006862,0.000644747,8.85629999999e-05,0.016192911,0.120250037,0.003091729
btdma,noncyclic,cuda-cxx,4,64,64,2048,8,4096,512,512,2,10,device,0.120368414,0.120354086,0.102533721,0.002618729,0.000645098,7.3851e-05,0.016195635,0.119343968,0.00269258
btdma,noncyclic,cuda-cxx,4,64,64,2048,8,4096,512,512,3,10,device,0.121516147,0.121510053,0.103684097,0.003263547,0.000644256,7.2929e-05,0.016183246,0.120501985,0.003331429
btdma,noncyclic,cuda-cxx,4,64,64,2048,8,4096,512,512,4,10,device,0.12031826,0.1203028415,0.102482104,0.002621134,0.000645819,7.5042e-05,0.016197026,0.119306112,0.002688565
btdma,noncyclic,cuda-cxx,4,64,64,2048,8,4096,512,512,5,10,device,0.1216043,0.12158580225,0.103763105,0.00338463,0.000644017,7.10060000002e-05,0.016206862,0.120603518,0.003449818
btdma,noncyclic,cuda-cxx,4,64,64,2048,8,4096,512,512,6,10,device,0.120333352,0.12029850975,0.102469775,0.002540292,0.000645639,8.4127e-05,0.016223536,0.119327352,0.002619201
btdma,noncyclic,cuda-cxx,4,64,64,2048,8,4096,512,512,7,10,device,0.121210369,0.12118156775,0.103355674,0.002896196,0.000644167,7.30689999999e-05,0.016212129,0.12017867,0.002963777
btdma,noncyclic,cuda-cxx,4,64,64,2048,8,4096,512,512,8,10,device,0.120307474,0.12030278675,0.102482364,0.002572991,0.000645769,7.79370000004e-05,0.016182966,0.119299762,0.002640452
btdma,noncyclic,cuda-cxx,4,64,64,2048,8,4096,512,512,9,10,device,0.121479492,0.1214352305,0.10358647,0.003121275,0.000644017,7.3531e-05,0.016250036,0.120471529,0.003192191
btdma,noncyclic,cuda-cxx,8,64,64,2048,8,4096,256,256,0,10,device,0.323749405,0.32347593475,0.056207349,0.251800102,0.002003597,0.006146264,0.008003801,0.066095378,0.257806776
btdma,noncyclic,cuda-cxx,8,64,64,2048,8,4096,256,256,1,10,device,0.061623748,0.0616051325,0.050699714,0.001857067,0.001273071,0.000132989,0.007988759,0.059960051,0.001979651
btdma,noncyclic,cuda-cxx,8,64,64,2048,8,4096,256,256,2,10,device,0.061438791,0.0614334975,0.050518532,0.001761113,0.001277077,0.000127231,0.007977101,0.059764827,0.001888344
btdma,noncyclic,cuda-cxx,8,64,64,2048,8,4096,256,256,3,10,device,0.061697699,0.061677306625,0.050748147,0.001913752,0.00127243,0.000182073,0.008006375,0.060013331,0.002030026
btdma,noncyclic,cuda-cxx,8,64,64,2048,8,4096,256,256,4,10,device,0.061471709,0.061446792125,0.050566354,0.001762225,0.001275634,0.000124868,0.007998103,0.059824117,0.00188516
btdma,noncyclic,cuda-cxx,8,64,64,2048,8,4096,256,256,5,10,device,0.061789216,0.061750903625,0.050866384,0.00202533,0.00127269,0.00017983,0.00798945,0.060124367,0.002145701
btdma,noncyclic,cuda-cxx,8,64,64,2048,8,4096,256,256,6,10,device,0.061435004,0.06142114325,0.050552543,0.001749045,0.001275514,0.000127431,0.00798302,0.059807422,0.001873441
btdma,noncyclic,cuda-cxx,8,64,64,2048,8,4096,256,256,7,10,device,0.061657819,0.061633724,0.050764572,0.001924217,0.00127279,0.000121703,0.007999204,0.060000513,0.002042464
btdma,noncyclic,cuda-cxx,8,64,64,2048,8,4096,256,256,8,10,device,0.061444739,0.06139604975,0.050518772,0.001713471,0.001275234,0.000171597,0.007983231,0.059770065,0.001856165
btdma,noncyclic,cuda-cxx,8,64,64,2048,8,4096,256,256,9,10,device,0.061714374,0.061707117625,0.050834336,0.001968404,0.001273001,0.000129905,0.007987587,0.060080452,0.002089295
btdma,noncyclic,cuda-cxx,2,64,64,1024,2,4096,512,512,0,10,device,0.055776403,0.055759392,0.010924574,0.040541069,0.000216535,0.002133271,0.002156896,0.01329453,0.04267434
btdma,noncyclic,cuda-cxx,2,64,64,1024,2,4096,512,512,1,10,device,0.011369842,0.011369016,0.008935038,0.0002198,4.1202e-05,5.307e-05,0.002135935,0.011111193,0.000272149
btdma,noncyclic,cuda-cxx,2,64,64,1024,2,4096,512,512,2,10,device,0.011310002,0.0113095565,0.008939035,0.000178958,4.0912e-05,3.6825e-05,0.002135615,0.011115562,0.000215783
btdma,noncyclic,cuda-cxx,2,64,64,1024,2,4096,512,512,3,10,device,0.011260338,0.011260308,0.008911914,0.00014035,4.1152e-05,3.326e-05,0.002135335,0.011086638,0.000173329
btdma,noncyclic,cuda-cxx,2,64,64,1024,2,4096,512,512,4,10,device,0.011273198,0.0112705685,0.008914989,0.000156014,4.0651e-05,3.2218e-05,0.00213877,0.011090083,0.000188232
btdma,noncyclic,cuda-cxx,2,64,64,1024,2,4096,512,512,5,10,device,0.011274089,0.011273418,0.008923161,0.000142284,4.0771e-05,3.334e-05,0.002138369,0.011102301,0.000175624
btdma,noncyclic,cuda-cxx,2,64,64,1024,2,4096,512,512,6,10,device,0.011285075,0.0112837985,0.008919185,0.000160792,4.1612e-05,3.1788e-05,0.002136306,0.0110951,0.00019258
btdma,noncyclic,cuda-cxx,2,64,64,1024,2,4096,512,512,7,10,device,0.011284654,0.011283843,0.008913256,0.000160952,4.0841e-05,3.314e-05,0.002137548,0.011091245,0.000194092
btdma,noncyclic,cuda-cxx,2,64,64,1024,2,4096,512,512,8,10,device,0.011292487,0.0112894925,0.008923191,0.000170145,4.0321e-05,3.2028e-05,0.002141324,0.011099658,0.000202173
btdma,noncyclic,cuda-cxx,2,64,64,1024,2,4096,512,512,9,10,device,0.011285195,0.0112842035,0.008918724,0.000170255,4.0701e-05,3.2609e-05,0.00213899,0.011096742,0.000202864
btdma,noncyclic,cuda-cxx,8,64,64,4096,2,4096,512,512,0,10,device,0.2281764,0.227801801625,0.014346951,0.207151769,0.000904367,0.006113774,0.002153963,0.017244549,0.212155398
btdma,noncyclic,cuda-cxx,8,64,64,4096,2,4096,512,512,1,10,device,0.011798405,0.011788297875,0.008925384,0.000525769,0.000128553,0.000109254,0.002134002,0.011182151,0.000628514
btdma,noncyclic,cuda-cxx,8,64,64,4096,2,4096,512,512,2,10,device,0.011816563,0.011801420125,0.008921729,0.000528804,0.000128964,0.000117927,0.002135334,0.011185846,0.000641042
btdma,noncyclic,cuda-cxx,8,64,64,4096,2,4096,512,512,3,10,device,0.011787419,0.011780118,0.008924623,0.000513871,0.000128293,0.000112579,0.002135855,0.011182991,0.000623296
btdma,noncyclic,cuda-cxx,8,64,64,4096,2,4096,512,512,4,10,device,0.011760479,0.011751185875,0.008924173,0.000487752,0.000128803,0.000109564,0.002134694,0.011185747,0.000595424
btdma,noncyclic,cuda-cxx,8,64,64,4096,2,4096,512,512,5,10,device,0.011757474,0.01174269475,0.008938424,0.000477287,0.000128282,0.000114843,0.002133331,0.011197724,0.000581934
btdma,noncyclic,cuda-cxx,8,64,64,4096,2,4096,512,512,6,10,device,0.011854821,0.011840577875,0.008919375,0.000580751,0.000128774,0.000109254,0.002134914,0.011182321,0.000687551
btdma,noncyclic,cuda-cxx,8,64,64,4096,2,4096,512,512,7,10,device,0.01175465,0.011742179625,0.008920867,0.000484417,0.000128793,0.000110806,0.002133671,0.011179075,0.000587682
btdma,noncyclic,cuda-cxx,8,64,64,4096,2,4096,512,512,8,10,device,0.011737585,0.01172621125,0.008919155,0.000463726,0.000128463,0.00010684,0.002130848,0.011170543,0.000569005
btdma,noncyclic,cuda-cxx,8,64,64,4096,2,4096,512,512,9,10,device,0.011760589,0.011752359125,0.008916761,0.000486199,0.000128663,0.000114021,0.00213293,0.011174929,0.000591858
btdma,noncyclic,cuda-cxx,2,64,64,1024,5,4096,512,512,0,10,device,0.097088969,0.0970563105,0.044784577,0.042218247,0.000310045,0.002106491,0.007786175,0.052855129,0.044302445
btdma,noncyclic,cuda-cxx,2,64,64,1024,5,4096,512,512,1,10,device,0.051266445,0.0512615575,0.042916484,0.000476485,0.000144507,4.4587e-05,0.007775068,0.050826685,0.000520762
btdma,noncyclic,cuda-cxx,2,64,64,1024,5,4096,512,512,2,10,device,0.051171993,0.051169244,0.042854641,0.000362183,0.000143826,4.2113e-05,0.007774677,0.050768157,0.000404296
btdma,noncyclic,cuda-cxx,2,64,64,1024,5,4096,512,512,3,10,device,0.05122342,0.0512164695,0.042893499,0.000424497,0.000143515,4.0371e-05,0.007781497,0.050804951,0.000462664
btdma,noncyclic,cuda-cxx,2,64,64,1024,5,4096,512,512,4,10,device,0.051174296,0.0511705605,0.042837506,0.000413891,0.000143054,3.7706e-05,0.007773756,0.050754227,0.000451597
btdma,noncyclic,cuda-cxx,2,64,64,1024,5,4096,512,512,5,10,device,0.051293706,0.0512813875,0.042903024,0.00047271,0.000144507,3.5874e-05,0.007781578,0.050805473,0.000508584
btdma,noncyclic,cuda-cxx,2,64,64,1024,5,4096,512,512,6,10,device,0.051179725,0.0511682175,0.04284073,0.0003735,0.000147181,3.87479999999e-05,0.007788218,0.050775288,0.000408583
btdma,noncyclic,cuda-cxx,2,64,64,1024,5,4096,512,512,7,10,device,0.051249489,0.0512475615,0.04292759,0.000458948,0.000143916,3.5373e-05,0.00777024,0.050838551,0.000494321
btdma,noncyclic,cuda-cxx,2,64,64,1024,5,4096,512,512,8,10,device,0.051240746,0.0512283175,0.042858897,0.00041955,0.000144497,4.0951e-05,0.007785684,0.050781868,0.000458368
btdma,noncyclic,cuda-cxx,2,64,64,1024,5,4096,512,512,9,10,device,0.051227997,0.051216665,0.042904526,0.000444498,0.000144477,3.60449999999e-05,0.007777952,0.050804372,0.000480543
btdma,noncyclic,cuda-cxx,8,64,64,4096,5,4096,512,512,0,10,device,0.296162596,0.29519670025,0.063600604,0.223905391,0.001332891,0.008369019,0.007796731,0.072395082,0.231227909
btdma,noncyclic,cuda-cxx,8,64,64,4096,5,4096,512,512,1,10,device,0.052160426,0.052142260375,0.042848051,0.000970706,0.000575744,0.000125829,0.007780496,0.051177891,0.001091417
btdma,noncyclic,cuda-cxx,8,64,64,4096,5,4096,512,512,2,10,device,0.05216324,0.0521442005,0.042880631,0.000949976,0.000578788,0.00012635,0.007767787,0.051215007,0.001067763
btdma,noncyclic,cuda-cxx,8,64,64,4096,5,4096,512,512,3,10,device,0.052195309,0.052181296125,0.042869874,0.000989375,0.000577527,0.000125558,0.007769139,0.051199204,0.001112038
btdma,noncyclic,cuda-cxx,8,64,64,4096,5,4096,512,512,4,10,device,0.05210278,0.05208725875,0.042836705,0.000925199,0.000578608,0.000116405,0.007775369,0.051169879,0.001041604
btdma,noncyclic,cuda-cxx,8,64,64,4096,5,4096,512,512,5,10,device,0.052086565,0.052059167875,0.042814381,0.000888663,0.000575944,0.000124056,0.007777682,0.051154807,0.0010068
btdma,noncyclic,cuda-cxx,8,64,64,4096,5,4096,512,512,6,10,device,0.052124362,0.052106913375,0.042863534,0.000911457,0.000579038,0.000112128,0.007774006,0.051187185,0.001023295
btdma,noncyclic,cuda-cxx,8,64,64,4096,5,4096,512,512,7,10,device,0.052252555,0.052227176625,0.042927481,0.00107248,0.000576425,0.000121742,0.007780536,0.051245683,0.001187994
btdma,noncyclic,cuda-cxx,8,64,64,4096,5,4096,512,512,8,10,device,0.052134337,0.052122249125,0.042870855,0.000928003,0.000578779,0.000117486,0.007774557,0.051211282,0.001040262
btdma,noncyclic,cuda-cxx,8,64,64,4096,5,4096,512,512,9,10,device,0.052113656,0.0520923575,0.042854101,0.000928793,0.000576024,0.000122604,0.007777692,0.051171042,0.001051397
btdma,noncyclic,cuda-cxx,2,64,64,1024,8,4096,512,512,0,10,device,0.225072292,0.225028511,0.103465689,0.103227572,0.000484648,0.002141544,0.016188124,0.120138461,0.105369116
btdma,noncyclic,cuda-cxx,2,64,64,1024,8,4096,512,512,1,10,device,0.120098871,0.120068976,0.102881653,0.001044297,0.000315984,4.5338e-05,0.016185219,0.119382856,0.001089635
btdma,noncyclic,cuda-cxx,2,64,64,1024,8,4096,512,512,2,10,device,0.118744047,0.118735965,0.101564887,0.001262595,0.000317146,4.1392e-05,0.016169245,0.118051148,0.001303987
btdma,noncyclic,cuda-cxx,2,64,64,1024,8,4096,512,512,3,10,device,0.120060894,0.120013608,0.102767782,0.001014472,0.000316835,4.47170000001e-05,0.016208604,0.119293221,0.001059189
btdma,noncyclic,cuda-cxx,2,64,64,1024,8,4096,512,512,4,10,device,0.118733622,0.118729991,0.101574131,0.001364468,0.000316034,3.82379999999e-05,0.016145198,0.118035363,0.001402425
btdma,noncyclic,cuda-cxx,2,64,64,1024,8,4096,512,512,5,10,device,0.119993913,0.1199703725,0.102813019,0.000948824,0.000315764,3.8137e-05,0.01617934,0.119307893,0.000986811
btdma,noncyclic,cuda-cxx,2,64,64,1024,8,4096,512,512,6,10,device,0.118883316,0.11887578,0.101705958,0.001259511,0.000317536,3.97589999999e-05,0.016164157,0.118187651,0.00129927
btdma,noncyclic,cuda-cxx,2,64,64,1024,8,4096,512,512,7,10,device,0.120076186,0.120066301,0.102859549,0.001071789,0.00034002,6.55380000001e-05,0.016189225,0.119363887,0.001113281
btdma,noncyclic,cuda-cxx,2,64,64,1024,8,4096,512,512,8,10,device,0.118701424,0.118694503,0.101526839,0.001158388,0.000318438,4.31249999999e-05,0.016172691,0.118017968,0.001201513
btdma,noncyclic,cuda-cxx,2,64,64,1024,8,4096,512,512,9,10,device,0.120040814,0.1200226215,0.102850336,0.001153321,0.000316966,4.07609999997e-05,0.016174663,0.119340472,0.001191399
btdma,noncyclic,cuda-cxx,8,64,64,4096,8,4096,512,512,0,10,device,0.337887973,0.337497357875,0.108504641,0.206403817,0.001982495,0.007029309,0.016280853,0.12671539,0.213391733
btdma,noncyclic,cuda-cxx,8,64,64,4096,8,4096,512,512,1,10,device,0.12239753,0.12237827575,0.103100782,0.003404399,0.001282184,0.000131827,0.016238108,0.120588185,0.003536226
btdma,noncyclic,cuda-cxx,8,64,64,4096,8,4096,512,512,2,10,device,0.122269188,0.122217883125,0.103029464,0.003689026,0.001284238,0.000138718,0.016252499,0.120530428,0.003818871
btdma,noncyclic,cuda-cxx,8,64,64,4096,8,4096,512,512,3,10,device,0.122454896,0.122420156625,0.103235103,0.003481905,0.001282635,0.000127712,0.016237818,0.120752592,0.003606823
btdma,noncyclic,cuda-cxx,8,64,64,4096,8,4096,512,512,4,10,device,0.122248807,0.122222527375,0.103040742,0.003660023,0.001284428,0.000125578,0.016240552,0.120539222,0.003782757
btdma,noncyclic,cuda-cxx,8,64,64,4096,8,4096,512,512,5,10,device,0.122469107,0.12243347125,0.103255473,0.003509126,0.001281334,0.000128052,0.016236475,0.120747404,0.00363196
btdma,noncyclic,cuda-cxx,8,64,64,4096,8,4096,512,512,6,10,device,0.122174936,0.122141475625,0.102952158,0.003607424,0.001283676,0.000128643,0.016240642,0.12043262,0.003736067
btdma,noncyclic,cuda-cxx,8,64,64,4096,8,4096,512,512,7,10,device,0.122629809,0.122587593875,0.103401563,0.003777008,0.001282034,0.000121202,0.016249576,0.12093154,0.00389821
btdma,noncyclic,cuda-cxx,8,64,64,4096,8,4096,512,512,8,10,device,0.122147174,0.122098146875,0.102910576,0.003480693,0.001283976,0.000167691,0.016237668,0.120398009,0.00359891
btdma,noncyclic,cuda-cxx,8,64,64,4096,8,4096,512,512,9,10,device,0.122763769,0.1226847345,0.103474413,0.003667023,0.001282735,0.000130085,0.0163194,0.120988767,0.003796467
btdma,noncyclic,cuda-cxx,8,32,32,2048,2,1024,256,256,0,10,device,0.212320025,0.212179224625,0.009452405,0.2010753,0.000781914,0.003031159,0.000758508,0.010907198,0.204082823
btdma,noncyclic,cuda-cxx,8,32,32,2048,2,1024,256,256,1,10,device,0.004820053,0.00470895525,0.003376787,0.000497276,0.000123326,0.000110346,0.000741472,0.004215907,0.000603856
btdma,noncyclic,cuda-cxx,8,32,32,2048,2,1024,256,256,2,10,device,0.004805411,0.004691616875,0.003370148,0.000476706,0.000124106,0.000117136,0.000741282,0.004215886,0.000590616
btdma,noncyclic,cuda-cxx,8,32,32,2048,2,1024,256,256,3,10,device,0.004767825,0.00465933475,0.003371119,0.000445389,0.000123335,0.000107581,0.000741974,0.004214605,0.00055297
btdma,noncyclic,cuda-cxx,8,32,32,2048,2,1024,256,256,4,10,device,0.004753955,0.004645873375,0.003370028,0.000436935,0.000123586,0.000108032,0.000741673,0.004214415,0.000541582
btdma,noncyclic,cuda-cxx,8,32,32,2048,2,1024,256,256,5,10,device,0.004766583,0.00466377375,0.003381726,0.000456916,0.000123345,0.00011358,0.000741573,0.004214806,0.000555504
btdma,noncyclic,cuda-cxx,8,32,32,2048,2,1024,256,256,6,10,device,0.004756278,0.004648256875,0.003369307,0.000442945,0.000123735,0.000105168,0.000741252,0.004214894,0.000543486
btdma,noncyclic,cuda-cxx,8,32,32,2048,2,1024,256,256,7,10,device,0.004763749,0.004653953125,0.003369506,0.000447111,0.000123605,0.000104957,0.000741763,0.004216868,0.000546711
btdma,noncyclic,cuda-cxx,8,32,32,2048,2,1024,256,256,8,10,device,0.005114255,0.005003287125,0.003369286,0.000800771,0.000123746,0.00010692,0.000741613,0.004215126,0.000900812
btdma,noncyclic,cuda-cxx,8,32,32,2048,2,1024,256,256,9,10,device,0.004751571,0.004641481875,0.003370107,0.000431968,0.000123606,0.000106049,0.000741403,0.004214967,0.000536314
btdma,noncyclic,cuda-cxx,8,128,128,2048,2,16384,256,256,0,10,device,0.214320517,0.213999783375,0.009980257,0.197160035,0.000894242,0.006728748,0.001176305,0.011669962,0.203812809
btdma,noncyclic,cuda-cxx,8,128,128,2048,2,16384,256,256,1,10,device,0.006555217,0.006540205875,0.004633784,0.000655143,0.000130676,0.000120071,0.001151218,0.005912213,0.000773712
btdma,noncyclic,cuda-cxx,8,128,128,2048,2,16384,256,256,2,10,device,0.006518502,0.006505600625,0.004628155,0.000620411,0.000130365,0.000111728,0.001149024,0.005907045,0.000730447
btdma,noncyclic,cuda-cxx,8,128,128,2048,2,16384,256,256,3,10,device,0.006500616,0.006493994375,0.004633943,0.000618088,0.000130095,0.000110677,0.001147382,0.005910108,0.000722364
btdma,noncyclic,cuda-cxx,8,128,128,2048,2,16384,256,256,4,10,device,0.007275228,0.00695934875,0.004626312,0.000590917,0.000130065,0.000905479,0.001151999,0.005905823,0.001496396
btdma,noncyclic,cuda-cxx,8,128,128,2048,2,16384,256,256,5,10,device,0.006482168,0.00647140775,0.004633524,0.000592069,0.000130126,0.000110916,0.001149755,0.005913394,0.000702985
btdma,noncyclic,cuda-cxx,8,128,128,2048,2,16384,256,256,6,10,device,0.006482869,0.006471852375,0.004631771,0.000598908,0.000130626,0.000108933,0.001149194,0.005910089,0.00070054
btdma,noncyclic,cuda-cxx,8,128,128,2048,2,16384,256,256,7,10,device,0.006473575,0.00646194475,0.00463121,0.000583176,0.000130466,0.000105989,0.001151658,0.00590995,0.000688935
btdma,noncyclic,cuda-cxx,8,128,128,2048,2,16384,256,256,8,10,device,0.006460205,0.006452443125,0.004626683,0.000576436,0.000130386,0.000105038,0.001150927,0.005907996,0.000681474
btdma,noncyclic,cuda-cxx,8,128,128,2048,2,16384,256,256,9,10,device,0.006464351,0.006454377125,0.004626713,0.000574131,0.000130126,0.000110686,0.001156285,0.005913124,0.000679389
btdma,noncyclic,cuda-cxx,8,32,32,2048,5,1024,256,256,0,10,device,0.240856048,0.24071904275,0.031133431,0.20615946,0.001268764,0.003225991,0.003560263,0.035537029,0.209342327
btdma,noncyclic,cuda-cxx,8,32,32,2048,5,1024,256,256,1,10,device,0.025636442,0.0254815495,0.020711942,0.000960442,0.000569815,0.000116836,0.003538951,0.024645064,0.001071959
btdma,noncyclic,cuda-cxx,8,32,32,2048,5,1024,256,256,2,10,device,0.025639376,0.02548350775,0.020708958,0.000935654,0.000572899,0.000125739,0.003535656,0.024635632,0.001061393
btdma,noncyclic,cuda-cxx,8,32,32,2048,5,1024,256,256,3,10,device,0.025663412,0.02549280775,0.020731091,0.00093943,0.000570196,0.000140231,0.003549296,0.024668229,0.001061033
btdma,noncyclic,cuda-cxx,8,32,32,2048,5,1024,256,256,4,10,device,0.025623453,0.025466584625,0.02072377,0.000941132,0.000569775,0.0001395,0.003537169,0.024650703,0.001065428
btdma,noncyclic,cuda-cxx,8,32,32,2048,5,1024,256,256,5,10,device,0.025598325,0.025443249625,0.020704852,0.000915043,0.000570506,0.000125097,0.003539061,0.024643663,0.00103289
btdma,noncyclic,cuda-cxx,8,32,32,2048,5,1024,256,256,6,10,device,0.025624394,0.02546260125,0.020724251,0.000920812,0.000569725,0.000131728,0.00354461,0.024655921,0.001033821
btdma,noncyclic,cuda-cxx,8,32,32,2048,5,1024,256,256,7,10,device,0.025582462,0.02542701525,0.020694917,0.000913731,0.000569514,0.000127411,0.003537058,0.02462892,0.001023716
btdma,noncyclic,cuda-cxx,8,32,32,2048,5,1024,256,256,8,10,device,0.025581439,0.025431882625,0.020697991,0.000917777,0.000569966,0.00012645,0.003527473,0.024631435,0.001027151
btdma,noncyclic,cuda-cxx,8,32,32,2048,5,1024,256,256,9,10,device,0.025587538,0.025429222125,0.020718552,0.000914623,0.000569845,0.000117917,0.00353856,0.024646716,0.0010259
btdma,noncyclic,cuda-cxx,8,128,128,2048,5,16384,256,256,0,10,device,0.298303388,0.298025217875,0.029505648,0.258170502,0.00133928,0.006936109,0.003948917,0.034633764,0.265055064
btdma,noncyclic,cuda-cxx,8,128,128,2048,5,16384,256,256,1,10,device,0.029948222,0.029889140375,0.024207228,0.0014056,0.000630826,0.00017263,0.003920263,0.0287467,0.001541223
btdma,noncyclic,cuda-cxx,8,128,128,2048,5,16384,256,256,2,10,device,0.02987955,0.029870291125,0.024209801,0.001360402,0.000629605,0.0001331,0.003922867,0.028756104,0.001493502
btdma,noncyclic,cuda-cxx,8,128,128,2048,5,16384,256,256,3,10,device,0.029893331,0.029876310375,0.024219326,0.001360903,0.000630676,0.000131087,0.0039247,0.028758628,0.001490007
btdma,noncyclic,cuda-cxx,8,128,128,2048,5,16384,256,256,4,10,device,0.02991331,0.02989408525,0.024249791,0.001330688,0.000628773,0.000125418,0.003932402,0.028810656,0.001456106
btdma,noncyclic,cuda-cxx,8,128,128,2048,5,16384,256,256,5,10,device,0.029890536,0.029880359375,0.024224643,0.001349535,0.000629405,0.000125148,0.003925551,0.028772428,0.001474463
btdma,noncyclic,cuda-cxx,8,128,128,2048,5,16384,256,256,6,10,device,0.029796165,0.029779466,0.024132846,0.001274803,0.000629264,0.000124507,0.003928576,0.028689675,0.00139931
btdma,noncyclic,cuda-cxx,8,128,128,2048,5,16384,256,256,7,10,device,0.029885059,0.029872037125,0.024223302,0.001382715,0.000628974,0.000127972,0.003925941,0.028771166,0.001502384
btdma,noncyclic,cuda-cxx,8,128,128,2048,5,16384,256,256,8,10,device,0.029953961,0.029939128,0.02423547,0.00142617,0.000629495,0.000125188,0.003924579,0.028784175,0.001548223
btdma,noncyclic,cuda-cxx,8,128,128,2048,5,16384,256,256,9,10,device,0.029958658,0.029948951125,0.024287819,0.001409725,0.000629264000001,0.000136645,0.003922076,0.028837467,0.00154637
btdma,noncyclic,cuda-cxx,8,32,32,2048,8,1024,256,256,0,10,device,0.276950405,0.27660802725,0.055248621,0.208482436,0.001998499,0.006585953,0.007911843,0.064975338,0.214996101
btdma,noncyclic,cuda-cxx,8,32,32,2048,8,1024,256,256,1,10,device,0.06079205,0.060684593375,0.050229609,0.001925269,0.00127318,0.000147221,0.007904252,0.059297077,0.002053562
btdma,noncyclic,cuda-cxx,8,32,32,2048,8,1024,256,256,2,10,device,0.060175134,0.060066648625,0.049644511,0.001559129,0.001271638,0.000164326,0.007899555,0.058720681,0.001717296
btdma,noncyclic,cuda-cxx,8,32,32,2048,8,1024,256,256,3,10,device,0.060611168,0.060501282125,0.050086434,0.001657167,0.00127256,0.000144266,0.007914978,0.059144566,0.001776115
btdma,noncyclic,cuda-cxx,8,32,32,2048,8,1024,256,256,4,10,device,0.060210186,0.060071783625,0.049658041,0.001533221,0.001272059,0.000149925,0.007929339,0.058757817,0.001672591
btdma,noncyclic,cuda-cxx,8,32,32,2048,8,1024,256,256,5,10,device,0.060480332,0.060380125125,0.049974356,0.001654863,0.001273181,0.000140912,0.007899174,0.059028693,0.001771178
btdma,noncyclic,cuda-cxx,8,32,32,2048,8,1024,256,256,6,10,device,0.060211418,0.06011818475,0.049600804,0.001570577,0.001272539,0.000142404,0.007884462,0.058749564,0.001700742
btdma,noncyclic,cuda-cxx,8,32,32,2048,8,1024,256,256,7,10,device,0.06051209,0.06040963925,0.049971742,0.001650737,0.001271939,0.000142394,0.007899915,0.059143596,0.001790717
btdma,noncyclic,cuda-cxx,8,32,32,2048,8,1024,256,256,8,10,device,0.060310267,0.060211536125,0.049626373,0.001702836,0.00127248,0.000150005,0.007883921,0.058725569,0.001847513
btdma,noncyclic,cuda-cxx,8,32,32,2048,8,1024,256,256,9,10,device,0.06061235,0.060483327625,0.05005717,0.001701363,0.00127246,0.000149965,0.00792979,0.059104077,0.001838579
btdma,noncyclic,cuda-cxx,8,128,128,2048,8,16384,256,256,0,10,device,0.296322436,0.296000033625,0.077057168,0.201932026,0.002108955,0.007517672,0.009567678,0.08843977,0.209449698
btdma,noncyclic,cuda-cxx,8,128,128,2048,8,16384,256,256,1,10,device,0.084695772,0.08463354075,0.071676684,0.002244277,0.001465279,0.000144256,0.009511494,0.082641709,0.002388533
btdma,noncyclic,cuda-cxx,8,128,128,2048,8,16384,256,256,2,10,device,0.084683473,0.084637167375,0.071689764,0.002211509,0.001455654,0.000144657,0.009509591,0.08262817,0.002353812
btdma,noncyclic,cuda-cxx,8,128,128,2048,8,16384,256,256,3,10,device,0.08472839,0.0846677655,0.071721011,0.002357518,0.001458349,0.000142965,0.009517272,0.082628599,0.002494834
btdma,noncyclic,cuda-cxx,8,128,128,2048,8,16384,256,256,4,10,device,0.084744165,0.084664908,0.071696264,0.002306762,0.001455564,0.000146299,0.009540978,0.082607949,0.002439812
btdma,noncyclic,cuda-cxx,8,128,128,2048,8,16384,256,256,5,10,device,0.084715661,0.08463311725,0.07169402,0.002261063,0.001463457,0.000145408,0.009535179,0.082589761,0.002393422
btdma,noncyclic,cuda-cxx,8,128,128,2048,8,16384,256,256,6,10,device,0.084757414,0.084651476375,0.071689914,0.002280782,0.001454814,0.000137927,0.009566927,0.082618194,0.002408674
btdma,noncyclic,cuda-cxx,8,128,128,2048,8,16384,256,256,7,10,device,0.08470148,0.084654931125,0.07168079,0.002256696,0.001462014,0.000145258,0.009501028,0.082610132,0.002394223
btdma,noncyclic,cuda-cxx,8,128,128,2048,8,16384,256,256,8,10,device,0.084785466,0.084722316125,0.071774601,0.002371709,0.001456035,0.000135172999999,0.009507678,0.082706226,0.002504297
btdma,noncyclic,cuda-cxx,8,128,128,2048,8,16384,256,256,9,10,device,0.084655441,0.08459914275,0.071642623,0.002256836,0.001463867,0.000145018,0.009517333,0.082553336,0.002401854
btdma,noncyclic,cuda-cxx,2,64,64,2048,5,4096,1024,1024,0,10,host,0.127873237,0.127812912,0.088054822,0.024111964,0.000382224,0.000121021,0.015515433,0.103952479,0.024232985
btdma,noncyclic,cuda-cxx,2,64,64,2048,5,4096,1024,1024,1,10,host,0.103061933,0.103050551,0.086183093,0.001435014,0.000143555,0.000114722,0.015489865,0.101816133,0.001549736
btdma,noncyclic,cuda-cxx,2,64,64,2048,5,4096,1024,1024,2,10,host,0.103088413,0.1030878175,0.086204185,0.001511518,0.000143806,0.00011335,0.015488844,0.101835032,0.001624868
btdma,noncyclic,cuda-cxx,2,64,64,2048,5,4096,1024,1024,3,10,host,0.102952309,0.1029487285,0.086071206,0.001352941,0.000143665,0.000109625,0.015488734,0.101699839,0.001462566
btdma,noncyclic,cuda-cxx,2,64,64,2048,5,4096,1024,1024,4,10,host,0.103245269,0.1032392295,0.086298617,0.00166582,0.000144297,0.000106671,0.015488874,0.101931788,0.001772491
btdma,noncyclic,cuda-cxx,2,64,64,2048,5,4096,1024,1024,5,10,host,0.102941954,0.1029378425,0.086067981,0.001313371,0.000143556,0.000110035,0.015482725,0.101694251,0.001423406
btdma,noncyclic,cuda-cxx,2,64,64,2048,5,4096,1024,1024,6,10,host,0.103188072,0.103178803,0.086286228,0.001487362,0.000143165,0.0001066,0.015501944,0.101931337,0.001593962
btdma,noncyclic,cuda-cxx,2,64,64,2048,5,4096,1024,1024,7,10,host,0.102976866,0.102963055,0.086094281,0.001333881,0.000143776,0.000109975,0.015496937,0.101734994,0.001443856
btdma,noncyclic,cuda-cxx,2,64,64,2048,5,4096,1024,1024,8,10,host,0.103057606,0.1030535805,0.086166939,0.00146589,0.000143275,0.000108162,0.01549952,0.101809283,0.001574052
btdma,noncyclic,cuda-cxx,2,64,64,2048,5,4096,1024,1024,9,10,host,0.102914903,0.1029146375,0.086053489,0.001215784,0.000143144,0.000109194,0.015485148,0.101681781,0.001324978
btdma,noncyclic,cuda-cxx,4,64,64,2048,5,4096,512,512,0,10,host,0.130572688,0.130536702,0.045956536,0.076468285,0.000556796,0.000830326,0.007785263,0.054280598,0.076657959
btdma,noncyclic,cuda-cxx,4,64,64,2048,5,4096,512,512,1,10,host,0.052406986,0.05239784,0.042866599,0.001430146,0.000291207,0.000147371,0.007772834,0.050920944,0.001573311
btdma,noncyclic,cuda-cxx,4,64,64,2048,5,4096,512,512,2,10,host,0.052377603,0.05236591475,0.042864035,0.00141948,0.000291577,0.000144186,0.0077759,0.05092973,0.001563666
btdma,noncyclic,cuda-cxx,4,64,64,2048,5,4096,512,512,3,10,host,0.052431243,0.0524254465,0.042869503,0.001483517,0.000290916,0.000147882,0.007777131,0.05093092,0.001631399
btdma,noncyclic,cuda-cxx,4,64,64,2048,5,4096,512,512,4,10,host,0.052366996,0.0523631205,0.042875953,0.001421814,0.000291668,0.000130386,0.007773656,0.050935136,0.0015522
btdma,noncyclic,cuda-cxx,4,64,64,2048,5,4096,512,512,5,10,host,0.052418083,0.0524138565,0.042861722,0.00147909,0.000290977,0.000134372,0.007768908,0.050920075,0.00160587
btdma,noncyclic,cuda-cxx,4,64,64,2048,5,4096,512,512,6,10,host,0.052410502,0.0524021045,0.042890715,0.001477988,0.000291537,0.00013962,0.007777292,0.050957972,0.001613952
btdma,noncyclic,cuda-cxx,4,64,64,2048,5,4096,512,512,7,10,host,0.052398423,0.05238884125,0.042884346,0.001437627,0.000290847,0.000137746,0.007772965,0.050947507,0.001567161
btdma,noncyclic,cuda-cxx,4,64,64,2048,5,4096,512,512,8,10,host,0.052359655,0.05235449975,0.042850094,0.00142632,0.000291177,0.000137076,0.007764902,0.050902267,0.001558409
btdma,noncyclic,cuda-cxx,4,64,64,2048,5,4096,512,512,9,10,host,0.05234988,0.05234067425,0.042890264,0.001416555,0.000291578,0.000131347,0.007775729,0.050956029,0.001545559
btdma,noncyclic,cuda-cxx,8,64,64,2048,5,4096,256,256,0,10,host,0.193287994,0.193244829125,0.02708783,0.161220711,0.001790757,0.000532128,0.003834385,0.032702716,0.161603455
btdma,noncyclic,cuda-cxx,8,64,64,2048,5,4096,256,256,1,10,host,0.027963275,0.027946303625,0.021329068,0.002115605,0.000568132,0.000218748,0.003821706,0.025704113,0.002328815
btdma,noncyclic,cuda-cxx,8,64,64,2048,5,4096,256,256,2,10,host,0.027954381,0.02792741125,0.021331482,0.002072691,0.000571077,0.000220601,0.003833914,0.02572205,0.002280403
btdma,noncyclic,cuda-cxx,8,64,64,2048,5,4096,256,256,3,10,host,0.027934912,0.027926510125,0.021325853,0.002077798,0.000568242,0.000225228,0.003816577,0.025706247,0.002303026
btdma,noncyclic,cuda-cxx,8,64,64,2048,5,4096,256,256,4,10,host,0.027938667,0.027923362625,0.021347546,0.002071819,0.000571508,0.000219759,0.003828365,0.025732616,0.002288144
btdma,noncyclic,cuda-cxx,8,64,64,2048,5,4096,256,256,5,10,host,0.027976894,0.02796390475,0.021336469,0.002100392,0.000568763,0.000222073,0.003824198,0.025713637,0.002320021
btdma,noncyclic,cuda-cxx,8,64,64,2048,5,4096,256,256,6,10,host,0.027912417,0.0279015825,0.021348457,0.002035655,0.000570596,0.000221362,0.003825361,0.025726027,0.002257017
btdma,noncyclic,cuda-cxx,8,64,64,2048,5,4096,256,256,7,10,host,0.027821431,0.027812642875,0.021344932,0.001994813,0.000568273,0.000201903,0.003820454,0.025730324,0.002196716
btdma,noncyclic,cuda-cxx,8,64,64,2048,5,4096,256,256,8,10,host,0.028194711,0.0281824165,0.021353255,0.00234545,0.000571728,0.000218548,0.003827204,0.025734249,0.002549456
btdma,noncyclic,cuda-cxx,8,64,64,2048,5,4096,256,256,9,10,host,0.028284907,0.028271438875,0.021339374,0.002435175,0.000568704,0.000276255,0.003832792,0.025724845,0.002641684
